name,startDate,endDate,participants
Similar take,2025-01-26 23:52:16,2025-01-27 00:13:16,williamreyes@gmail.com
Race piece,2025-01-13 18:52:16,2025-01-13 19:03:16,"anthony60@gonzalez.com, dorothy77@yahoo.com, catherinemurray@hotmail.com, sherry68@rodriguez.org, hulltoni@randolph.info"
Step choice,2025-01-01 21:22:40,2025-01-01 21:44:40,"andersonjuan@burns-johnson.net, fcurry@hotmail.com"
Smile father require,2025-01-31 11:05:52,2025-01-31 11:23:52,"jasonhiggins@yahoo.com, nbrown@blanchard-weaver.org, brownashlee@gmail.com, michelle03@yahoo.com"
Least cause institution city,2025-02-03 04:16:48,2025-02-03 04:25:48,"fwells@booker.net, jason88@hotmail.com"
One experience,2025-01-25 14:19:10,2025-01-25 15:53:10,"perezkatherine@hotmail.com, xmack@hotmail.com, curtisaustin@hotmail.com"
Today material rise,2025-01-11 00:44:38,2025-01-11 02:30:38,"alvin96@gmail.com, williamstodd@gmail.com, xchapman@page.biz"
Social through,2025-01-06 05:29:10,2025-01-06 06:13:10,"kimberly70@kidd-bailey.net, pattonnancy@hotmail.com, lgraves@huang.com, darrenhebert@solis-barker.org, lisa62@johnson.com"
These sound different,2025-02-13 08:30:56,2025-02-13 10:03:56,"jennifer47@gmail.com, oestrada@gmail.com, christopherwarren@mata.com"
Those send big,2025-01-20 00:19:34,2025-01-20 00:38:34,
Notice social nearly themselves,2025-01-17 12:05:22,2025-01-17 12:31:22,
Opportunity adult situation,2025-02-05 06:08:28,2025-02-05 07:14:28,"melissaspears@hotmail.com, kimberlyberger@garcia.biz, tylerallen@yahoo.com, heatherhoward@gmail.com"
Over indeed television,2025-01-09 20:33:56,2025-01-09 20:50:56,"villajack@yahoo.com, ortizalejandra@gmail.com, victoria73@miller-tanner.com, dillonrachel@smith.org"
Shoulder everything identify,2025-01-15 21:42:58,2025-01-15 22:52:58,
Cell source middle,2025-01-04 08:41:06,2025-01-04 10:31:06,"porterkaren@hotmail.com, jonlewis@wood.com, donnasmith@yahoo.com, fgraves@rivera-dickson.com, danielle64@hotmail.com"
There operation,2025-01-18 16:25:25,2025-01-18 17:17:25,"kelly21@gmail.com, richardsonkristin@mullen-byrd.com, usmith@cobb.com, danielmorrison@gmail.com, brittanymurphy@walter.com"
Subject probably evidence,2025-01-06 01:00:20,2025-01-06 01:35:20,"jthomas@hatfield-smith.com, xjenkins@gmail.com, tdavis@yahoo.com"
Task style,2025-01-20 14:42:30,2025-01-20 16:36:30,
Although manager choice,2025-01-02 09:26:39,2025-01-02 09:55:39,"martinbarry@perez.biz, nlyons@holt.biz"
Fall avoid,2025-01-21 13:06:52,2025-01-21 13:35:52,"priscilla57@hess-walters.org, selliott@gmail.com, valentinephillip@oliver.com, jeanette51@gmail.com, daniel81@hotmail.com"
